"proportion_known","proportion_unknown"
40.0199213430159,59.9800786569841
